meter,poem,line,scansion,feet,note
iambic,To a Skylark,"Joyous, and clear, and fresh, thy music doth surpass.",swwswswswsws,sw|ws|ws|ws|ws|ws,
iambic,To a Skylark,"Thy skill to poet were, thou scorner of the ground!",wswswswswsws,ws|ws|ws|ws|ws|ws,
iambic,,"The tedious Rector drawling o'er his head,",wswswswsws,ws|ws|ws|ws|ws,tedious is elided to 2 sylls TED-yus
iambic,,"United yet divided, twain at once.",wswswswsws,ws|ws|ws|ws|ws,
iambic,,And read with gentle breast. Beneath this sod,wswswswsws,ws|ws|ws|ws|ws,
iambic,,"To sleep within the carriage more secure,",wswswswsws,ws|ws|ws|ws|ws,
iambic,,"Happy the man, whose wish and care",swwswsws,sw|ws|ws|ws,
iambic,,"With here and there a tuft of crimson yarn,",wswswswsws,ws|ws|ws|ws|ws,
iambic,,"The nurse sleeps sweetly, hired to watch the sick",wswswswsws,ws|ws|ws|ws|ws,hired = 1 syll
iambic,,"Sweet sleep enjoys the Curate in his desk,",wswswswsws,ws|ws|ws|ws|ws,
iambic,,Now seek repose upon an humbler theme;,wswswswsws,ws|ws|ws|ws|ws,
iambic,,"That interlaced each other, these supplied",wswswswsws,ws|ws|ws|ws|ws,
iambic,,"And where, secure as mouse in chink,",wswswsws,ws|ws|ws|ws,
iambic,,"That passion's force, and so did she.",wswswsws,ws|ws|ws|ws,
iambic,,"Half open in the topmost chest,",wswswsws,ws|ws|ws|ws,
iambic,,And a blush for having done it:,wwswswsw,wws|ws|ws|w,
iambic,,Was cold and comfortless within:,wswswsws,ws|ws|ws|ws,
iambic,,"Are big with mercy, and shall break",wswswsws,ws|ws|ws|ws,
iambic,,"O what can be done, shall we stay or run?",wswwswwsws,ws|wws|wws|ws,
iambic,,"Consoled him, and dispell'd his fears;",wswswsws,ws|ws|ws|ws,
iambic,,"And forth he peep'd, but nothing spied;",wswswsws,ws|ws|ws|ws,
iambic,,"A drawer impending o'er the rest,",wswswsws,ws|ws|ws|ws,drawer = 1 syll (draw'r)
iambic,,"Whose trees in summer yield him shade,",wswswsws,ws|ws|ws|ws,
iambic,,"Nor slept a single wink or purr'd,",wswswsws,ws|ws|ws|ws,
iambic,,"He left his bed, he trod the floor,",wswswsws,ws|ws|ws|ws,
iambic,,"A drawer, it chanced, at bottom lined",wswswsws,ws|ws|ws|ws,drawer = 1 syll (draw'r)
iambic,,"And slept as she would sleep her last,",wswswsws,ws|ws|ws|ws,
iambic,,"On me, on me descend;",wswsws,ws|ws|ws,
iambic,,"Some trance of rapture, show",wswsws,ws|ws|ws,
iambic,,In his own ground.,wsws,ws|ws,
trochaic,The Last Oracle,"God by God goes out, discrowned and disanointed,",swswswswswsw,sw|sw|sw|sw|sw|sw,
trochaic,The Last Oracle,"Not a cell is left the God, no roof, no cover",swswswswswsw,sw|sw|sw|sw|sw|sw,
trochaic,The Last Oracle,Down from heaven till earth seemed more than heaven divine.,swswswswsws,sw|sw|sw|sw|sw|s,both heavens are 1 syll (heav'n)
trochaic,To a Skylark,"O'er which clouds are brightening,",swswsw,sw|sw|sw,brightening = 2 sylls (bright'ning)
trochaic,To a Skylark,Drops so bright to see,swsws,sw|sw|s,
trochaic,To a Skylark,"Than we mortals dream,",swsws,sw|sw|s,
trochaic,The Song of Hiawatha,"In the green and silent valley,",swswswsw,sw|sw|sw|sw,
trochaic,The Raven,‚Äú'Tis some visiter entreating entrance at my chamber door,swswswswswswsws,sw|sw|sw|sw|sw|sw|sw|s,
trochaic,The Raven,And the silken sad uncertain rustling of each purple curtain,swswswswswswswsw,sw|sw|sw|sw|sw|sw|sw|sw,
trochaic,The Raven,"And the only word there spoken was the whispered word, ‚ÄúLenore!‚Äù",swswswswswswsws,sw|sw|sw|sw|sw|sw|sw|s,
trochaic,The Song of Hiawatha,"Love the ballads of a people,",swswswsw,sw|sw|sw|sw,
trochaic,The Raven,"Desolate yet all undaunted, on this desert land enchanted",swswswswswswswsw,sw|sw|sw|sw|sw|sw|sw|sw,
trochaic,The Raven,"Quoth the raven, ‚ÄúNevermore.‚Äù",swswsws,sw|sw|sw|s,
trochaic,The Tyger,In what furnace was thy brain?,swswsws,sw|sw|sw|s,
trochaic,The Raven,"Darkness there, and nothing more.",swswsws,sw|sw|sw|s,
trochaic,The Song of Hiawatha,In the eyry of the eagle!,swswswsw,sw|sw|sw|sw,
trochaic,The Song of Hiawatha,To this Song of Hiawatha!,swswswsw,sw|sw|sw|sw,
trochaic,The Song of Hiawatha,"Through their palisades of pine-trees,",swswswsw,sw|sw|sw|sw,
trochaic,The Raven,Eagerly I wished the morrow; vainly I had sought to borrow,swswswswswswswsw,sw|sw|sw|sw|sw|sw|sw|sw,
trochaic,The Raven,"That one word, as if his soul in that one word he did outpour.",swswswswswswsws,sw|sw|sw|sw|sw|sw|sw|s,
trochaic,The Raven,"This it is, and nothing more.‚Äù",swswsws,sw|sw|sw|s,
trochaic,The Raven,Though its answer little meaning little relevancy bore;,swswswswswswsws,sw|sw|sw|sw|sw|sw|sw|s,
trochaic,The Raven,"Startled at the stillness broken by reply so aptly spoken,",swswswswswswswsw,sw|sw|sw|sw|sw|sw|sw|sw,
trochaic,Why So Pale and Wan Fond Lover?,Prithee why so mute?,swsws,sw|sw|s,
trochaic,The Song of Hiawatha,"And their wild reverberations,",swswswsw,sw|sw|sw|sw,
trochaic,The Raven,"Presently my soul grew stronger; hesitating then no longer,",swswswswswswswsw,sw|sw|sw|sw|sw|sw|sw|sw,
trochaic,The Raven,"Quoth the raven, ‚ÄúNevermore.‚Äù",swswsws,sw|sw|sw|s,
trochaic,The Raven,And each separate dying ember wrought its ghost upon the floor.,swswswswswswsws,sw|sw|sw|sw|sw|sw|sw|s,separate = 2 sylls (sep'rate)
trochaic,The Raven,"But whose velvet violet lining with the lamplight gloating o'er,",swswswswswswsws,sw|sw|sw|sw|sw|sw|sw|s,
trochaic,The Raven,"Perched, and sat, and nothing more.",swswsws,sw|sw|sw|s,
anapestic,Dolores (Notre-Dame des Sept Douleurs),"Ah, feed me and fill me with pleasure,",wswwswwsw,w|sww|sww|sw,
anapestic,Dolores (Notre-Dame des Sept Douleurs),What bud was the shell of a blossom,wswwswwsw,ws|wws|wws|w,
anapestic,Dolores (Notre-Dame des Sept Douleurs),"O splendid and sterile Dolores,",wswwswwsw,w|sww|sww|sw,
anapestic,The Destruction of Sennacherib,"And the foam of his gasping lay white on the turf,",wwswwswwswws,wws|wws|wws|wws,
anapestic,The Hunting of the Snark,‚ÄúHis form is ungainly his intellect small ‚Äù,wswwswwswws,ws|wws|wws|wws,
anapestic,The Hunting of the Snark,The crew was complete: it included a Boots,wswwswwswws,ws|wws|wws|wws,
anapestic,A Visit from St. Nicholas,"The moon on the breast of the new-fallen snow,",wswwswwswws,ws|wws|wws|wws,
anapestic,Dolores (Notre-Dame des Sept Douleurs),With the sweet of the sins of old ages,wwswwswwsw,wws|wws|wws|w,
anapestic,A Visit from St. Nicholas,"‚ÄúHappy Christmas to all, and to all a good night.‚Äù",wwswwswwswws,wws|wws|wws|wws,
anapestic,How They Brought the Good News from Ghent to Aix,"Rolled neck and croup over, lay dead as a stone;",wswwswwswws,ws|wws|wws|wws,
anapestic,How They Brought the Good News from Ghent to Aix,‚ÄúWe'll remember at Aix‚Äù for one heard the quick wheeze,wwswwswwswws,wws|wws|wws|wws,
anapestic,A Visit from St. Nicholas,"A wink of his eye and a twist of his head,",wswwswwswws,ws|wws|wws|wws,
anapestic,The Hunting of the Snark,But the Bellman declared that would never agree,wwswwswwswws,wws|wws|wws|wws,
anapestic,A Visit from St. Nicholas,Down the chimney St. Nicholas came with a bound.,wwswwswwswws,wws|wws|wws|wws,
anapestic,How They Brought the Good News from Ghent to Aix,"The haze, as some bluff river headland its spray:",wswwswwswws,ws|wws|wws|wws,
anapestic,The Hunting of the Snark,There was only one Beaver on board;,wwswwswws,wws|wws|wws,
anapestic,The Last Oracle,In the shambles of faith and of fear.,wwswwswws,wws|wws|wws,
anapestic,The Hunting of the Snark,By a finger entwined in his hair.,wwswwswws,wws|wws|wws,
anapestic,The Last Oracle,And the world that was thine and was ours,wwswwswws,wws|wws|wws,
anapestic,The Last Oracle,They pass as the flight of a year.,wswwswws,ws|wws|wws,
anapestic,The Last Oracle,Take life at thine hands and death.,wswwsws,ws|wws|ws,
anapestic,The Hunting of the Snark,Whose death would be deeply deplored.,wswwswws,ws|wws|wws,
anapestic,The Last Oracle,That are gone in an age or twain;,wwswwsws,wws|wws|ws,
anapestic,Dolores (Notre-Dame des Sept Douleurs),And poisonous queen.,wswws,ws|wws,
anapestic,The Drawer's Dedication,"Be their Works or their Fortunes, or lucky, or scurvy;",wwswwswwswwsw,wws|wws|wws|wws|w,
anapestic,"Verses, Supposed to be Written by Alexander Selkirk, During His Solitary Abode in the Island of Juan Fernandez","The tempest itself lags behind,",wswwswws,ws|wws|wws,
anapestic,"Verses, Supposed to be Written by Alexander Selkirk, During His Solitary Abode in the Island of Juan Fernandez",Convey to this desolate shore,wswwswws,ws|wws|wws,
anapestic,Song,"Though April his temples may wreathe with the vine,",wswwswwswws,ws|wws|wws|wws,
anapestic,Song,"'Tis the ardour of August matures us the wine,",wwswwswwswws,wws|wws|wws|wws,
anapestic,"Verses, Supposed to be Written by Alexander Selkirk, During His Solitary Abode in the Island of Juan Fernandez","Never hear the sweet music of speech,",wwswwswws,wws|wws|wws,
dactylic,Amours de Voyage,Rome disappoints me still; but I shrink and adapt myself to it.,swwswswwswwswwsw,sww|sw|sww|sww|sww|sw,
dactylic,Amours de Voyage,"He must forsooth make a fuss and distend his huge Wittenberg lungs, and",swwswwswwswwswwsw,sww|sww|sww|sww|sww|sw,
dactylic,Amours de Voyage,Mostly in all that I see of the sixteenth-century masters;,swwswwswwswswwsw,sww|sww|sww|sw|sww|sw,
dactylic,Pasa Thalassa Thalassa,"Whether in Indian deeps or on flood-laden fields of Atlantis,",swwswwswwswwswwsw,sww|sww|sww|sww|sww|sw,
dactylic,Amours de Voyage,"Here we all are at Rome, and delighted of course with St. Peter's,",swwswswwswwswwsw,sww|sw|sww|sww|sww|sw,
dactylic,Amours de Voyage,"Come, let us go, to a land wherein gods of the old time wandered,",swwswwswwswwswsw,sww|sww|sww|sww|sw|sw,
dactylic,Amours de Voyage,"Not very gay, however; the English are mostly at Naples;",swwswswwswwswwsw,sww|sw|sww|sww|sww|sw,
dactylic,Amours de Voyage,"All the incongruous things of past incompatible ages,",swwswwswswwswwsw,sww|sww|sw|sww|sww|sw,
dactylic,The Bridge of Sighs,"From garret to basement,",wswwsw,w|sww|sw,
dactylic,Misconceptions,Fit for her nest and her treasure.,swwswwsw,sww|sww|sw,
dactylic,The Voice,"Travelling across the wet mead to me here,",swwswwswws,sww|sww|sww|s,Travelling = 1 syll (trav'ling)
dactylic,The Bridge of Sighs,"Thro' muddy impurity,",wswwsww,w|sww|sww,
dactylic,The Bridge of Sighs,"Perishing gloomily,",swwsww,sww|sww,
dactylic,The Bridge of Sighs,Look at her garments,swwsw,sww|sw,
dactylic,The Bridge of Sighs,"Young, and so fair!",swws,sww|s,
dactylic,The Bridge of Sighs,Gone to her death!,swws,sww|s,
dactylic,Evangeline: A Tale of Acadie,"Columns of pale blue smoke, like clouds of incense ascending,",swwswswswswwsw,sww|sw|sw|sw|sww|sw,
dactylic,Evangeline: A Tale of Acadie,"Leaped like the roe, when he hears in the woodland the voice of the huntsman?",swwswwswwswwswwsw,sww|sww|sww|sww|sww|sw,
dactylic,Evangeline: A Tale of Acadie,"List to the mournful tradition, still sung by the pines of the forest;",swwswwswwswwswwsw,sww|sww|sww|sww|sww|sw,
dactylic,Evangeline: A Tale of Acadie,"There the richest was poor, and the poorest lived in abundance.",swswwswwswswwsw,sw|sww|sww|sw|sww|sw,
dactylic,The Charge of the Light Brigade,Noble six hundred!,swwsw,sww|sw,
dactylic,Evangeline: A Tale of Acadie,"Somewhat apart from the village, and nearer the Basin of Minas,",swwswwswwswwswwsw,sww|sww|sww|sww|sww|sw,
dactylic,Eve,‚ÄòEva!‚Äô he said.,swws,sww|s,
dactylic,Eve,Picture her crying,swwsw,sww|sw,
dactylic,Eve,Titmouse and Jenny Wren,swwsws,sww|sw|s,
dactylic,The Lost Leader,"Lived in his mild and magnificent eye,",swwswwswws,sww|sww|sww|s,
dactylic,Evangeline: A Tale of Acadie,"There, in the midst of its farms, reposed the Acadian village.",swwswwswswwswwsw,sww|sww|sw|sww|sww|sw,
dactylic,Evangeline: A Tale of Acadie,"White as the snow were his locks, and his cheeks as brown as the oak-leaves.",swwswwswwswswwsw,sww|sww|sww|sw|sww|sw,
dactylic,Eve,"Kneeling, and he",swws,sww|s,
dactylic,The Lost Leader,"Deeds will be done, while he boasts his quiescence,",swwswwswwsw,sww|sww|sww|sw,
